det_id	class	confidence	x	y	width	height
det_0	0	0.7424229979515076	0.5172757506370544	0.5010639429092407	0.9553365707397461	0.9859650135040283
